{"vertexCount":12874,"bboxSize":[0.5239841938018799,0.1480996310710907,0.4976450800895691],"xMinusArea":0.00007544999243691564,"zMinusArea":0.00005471709300763905,"yMinusArea":0.000023384380256175064,"totalArea":0.268036425113678,"bboxCenter":[0,-0.07404981553554535,7.450580596923828e-9],"alignmentTransform":[-0.6785093545913696,0,0.7345917820930481,0,0,1,0,0,-0.7345917820930481,0,-0.6785093545913696,0,-0.1823158860206604,0.1480996310710907,-0.2026006281375885,1],"faceCount":75978,"zPlusArea":0.00005722742571379058,"horizontalUpArea":0.19593970477581024,"xPlusArea":0.000048232228436972946,"yAlignmentRotation":2.316527843475342}