{"cx":499.28678056833496,"cy":388.2779287915464,"fx":772.4833360017049,"fy":772.4833360017049,"t_12":0.7981910109519958,"t_02":-0.0627816691994667,"t_22":0.599124014377594,"t_21":0.10656137019395828,"t_11":-0.001778244273737073,"t_01":0.9943045377731323,"t_20":0.7935333251953125,"t_10":-0.6024017930030823,"t_00":-0.08612171560525894,"t_23":0.03017324209213257,"t_03":-0.01961611583828926,"t_13":0.08582126349210739,"timestamp":7324108294,"width":1024,"height":768,"blur_score":91.96429,"manual_keyframe":false,"neighbors":[7377558419,7375492413,7328640268,7374359440,7330039846,7374709329,7373259790]}