{"cx":499.28678056833496,"cy":388.2779287915464,"fx":772.4833360017049,"fy":772.4833360017049,"t_12":0.7255936861038208,"t_02":0.1160963848233223,"t_22":0.6782590746879578,"t_21":-0.24390468001365662,"t_11":0.07326711714267731,"t_01":0.9670276045799255,"t_20":0.6931630969047546,"t_10":-0.6842117309570313,"t_00":0.2266698032617569,"t_23":0.03907917067408562,"t_03":0.0691840872168541,"t_13":0.0022328170016407967,"timestamp":7328640268,"width":1024,"height":768,"blur_score":93.23011,"manual_keyframe":false,"neighbors":[7330039846,7375492413,7324108294,7373259790,7374359440,7374709329,7377558419,7372659981,7333705405]}