{"cx":499.28678056833496,"cy":388.2779287915464,"fx":772.4833360017049,"fy":772.4833360017049,"t_12":0.7290732860565186,"t_02":0.2650153934955597,"t_22":0.631045937538147,"t_21":-0.45254039764404297,"t_11":0.06850660592317581,"t_01":0.8891085386276245,"t_20":0.6300699710845947,"t_10":-0.6809985637664795,"t_00":0.37316590547561646,"t_23":0.02291298843920231,"t_03":0.11636023968458176,"t_13":-0.001783545478247106,"timestamp":7330039846,"width":1024,"height":768,"blur_score":93.204094,"manual_keyframe":false,"neighbors":[7328640268,7375492413,7374709329,7324108294,7374359440,7333705405,7377558419,7373259790,7333971991,7372659981]}