{"cx":499.28678056833496,"cy":388.2779287915464,"fx":772.4833360017049,"fy":772.4833360017049,"t_12":0.7882919907569885,"t_02":0.5735476613044739,"t_22":0.22279778122901917,"t_21":-0.9012871980667114,"t_11":-0.057666029781103134,"t_01":0.4293670654296875,"t_20":0.3715408146381378,"t_10":-0.6125931739807129,"t_00":0.6976295709609985,"t_23":-0.1295924186706543,"t_03":0.2465510070323944,"t_13":-0.0017716907896101475,"timestamp":7333971991,"width":1024,"height":768,"blur_score":85.58067,"manual_keyframe":false,"neighbors":[7333705405,7335904738,7375492413,7330039846,7377558419]}