{"cx":499.28678056833496,"cy":388.2779287915464,"fx":772.4833360017049,"fy":772.4833360017049,"t_12":0.7669974565505981,"t_02":0.5273894667625427,"t_22":0.365479439496994,"t_21":-0.8357628583908081,"t_11":0.020965805277228355,"t_01":0.548690140247345,"t_20":0.40978682041168213,"t_10":-0.641307532787323,"t_00":0.6486905813217163,"t_23":-0.11179767549037933,"t_03":0.23483657836914063,"t_13":0.011137687601149082,"timestamp":7333705405,"width":1024,"height":768,"blur_score":88.85906,"manual_keyframe":false,"neighbors":[7333971991,7375492413,7374709329,7330039846,7335904738,7377558419,7328640268]}