{"cx":499.28678056833496,"cy":388.2779287915464,"fx":772.4833360017049,"fy":772.4833360017049,"t_12":0.6680060625076294,"t_02":0.7369282841682434,"t_22":0.10346291214227676,"t_21":-0.981015145778656,"t_11":-0.05364825949072838,"t_01":0.1863628327846527,"t_20":0.1640264242887497,"t_10":-0.7422194480895996,"t_00":0.6497734785079956,"t_23":-0.250020295381546,"t_03":0.2765556573867798,"t_13":0.000435335241490975,"timestamp":7335904738,"width":1024,"height":768,"blur_score":90.68709,"manual_keyframe":false,"neighbors":[7338254022,7333971991,7333705405,7347851077]}