{"cx":499.28678056833496,"cy":388.2779287915464,"fx":772.4833360017049,"fy":772.4833360017049,"t_12":0.7742028832435608,"t_02":0.6326755285263062,"t_22":0.01820891723036766,"t_21":-0.9941819310188293,"t_11":0.0812094658613205,"t_01":-0.07076237350702286,"t_20":-0.10616367310285568,"t_10":-0.6277061104774475,"t_00":0.7711772322654724,"t_23":-0.3368143141269684,"t_03":0.22499004006385803,"t_13":0.04562857747077942,"timestamp":7338254022,"width":1024,"height":768,"blur_score":93.41571,"manual_keyframe":false,"neighbors":[7340636628,7335904738,7348767461,7343902293,7347851077,7358364481,7356964917,7351666564,7353632621]}