{"cx":499.28678056833496,"cy":388.2779287915464,"fx":772.4833360017049,"fy":772.4833360017049,"t_12":0.6894704103469849,"t_02":0.6678612232208252,"t_22":-0.2803424894809723,"t_21":-0.9069610238075256,"t_11":0.03760805353522301,"t_01":-0.41953226923942566,"t_20":-0.31437206268310547,"t_10":-0.7233368754386902,"t_00":0.6147796511650085,"t_23":-0.41175130009651184,"t_03":0.23279829323291779,"t_13":0.014905569143593311,"timestamp":7340636628,"width":1024,"height":768,"blur_score":98.75553,"manual_keyframe":false,"neighbors":[7343902293,7338254022,7345735063,7347851077,7358364481,7356964917,7348767461,7353632621,7351666564,7363596177]}