{"cx":499.28678056833496,"cy":388.2779287915464,"fx":772.4833360017049,"fy":772.4833360017049,"t_12":0.7659258246421814,"t_02":0.48894479870796204,"t_22":-0.4174812436103821,"t_21":-0.8143845796585083,"t_11":-0.07667974382638931,"t_01":-0.5752373337745667,"t_20":-0.4030969738960266,"t_10":-0.6383398771286011,"t_00":0.6557705402374268,"t_23":-0.4786182940006256,"t_03":0.1893862634897232,"t_13":-0.026143822818994522,"timestamp":7343902293,"width":1024,"height":768,"blur_score":101.30377,"manual_keyframe":false,"neighbors":[7345735063,7340636628,7347851077,7338254022,7356964917,7348767461,7358364481,7353632621,7363596177,7351666564]}