{"cx":499.28678056833496,"cy":388.2779287915464,"fx":772.4833360017049,"fy":772.4833360017049,"t_12":0.8430401086807251,"t_02":0.25054502487182617,"t_22":-0.4759312868118286,"t_21":-0.6567433476448059,"t_11":-0.15119265019893646,"t_01":-0.7388023734092712,"t_20":-0.5849594473838806,"t_10":-0.5161629319190979,"t_00":0.6256182789802551,"t_23":-0.4903866946697235,"t_03":0.1035112515091896,"t_13":-0.0419180691242218,"timestamp":7345735063,"width":1024,"height":768,"blur_score":111.99917,"manual_keyframe":false,"neighbors":[7343902293,7347851077,7348767461,7340636628,7356964917,7353632621,7351666564,7358364481,7363596177]}