{"cx":499.28678056833496,"cy":388.2779287915464,"fx":772.4833360017049,"fy":772.4833360017049,"t_12":0.7871008515357971,"t_02":0.07179149240255356,"t_22":-0.6126322150230408,"t_21":-0.3211556673049927,"t_11":-0.1649097353219986,"t_01":-0.9325577020645142,"t_20":-0.7221778035163879,"t_10":-0.5943710803985596,"t_00":0.3538109064102173,"t_23":-0.47977617383003235,"t_03":0.06587684154510498,"t_13":-0.028800975531339645,"timestamp":7347851077,"width":1024,"height":768,"blur_score":88.183716,"manual_keyframe":false,"neighbors":[7348767461,7345735063,7343902293,7351666564,7340636628,7358364481,7356964917,7338254022,7353632621,7335904738]}