{"cx":499.28678056833496,"cy":388.2779287915464,"fx":772.4833360017049,"fy":772.4833360017049,"t_12":0.8524755239486694,"t_02":-0.05977563560009003,"t_22":-0.5193383693695068,"t_21":-0.01244824193418026,"t_11":-0.07748740166425705,"t_01":-0.9969156384468079,"t_20":-0.8544780611991882,"t_10":-0.5169923901557922,"t_00":0.05085400119423866,"t_23":-0.48908382654190063,"t_03":0.021389150992035866,"t_13":-0.014546990394592285,"timestamp":7348767461,"width":1024,"height":768,"blur_score":92.9259,"manual_keyframe":false,"neighbors":[7347851077,7351666564,7345735063,7353632621,7343902293,7338254022,7358364481,7356964917,7340636628,7363596177]}