{"cx":499.28678056833496,"cy":388.2779287915464,"fx":772.4833360017049,"fy":772.4833360017049,"t_12":0.9048580527305603,"t_02":-0.1591242402791977,"t_22":-0.39485615491867065,"t_21":0.40198323130607605,"t_11":0.01441327203065157,"t_01":-0.9155336022377014,"t_20":-0.826134443283081,"t_10":-0.4254693388938904,"t_00":-0.36942893266677856,"t_23":-0.451829195022583,"t_03":-0.06331919133663177,"t_13":-0.003937306813895702,"timestamp":7351666564,"width":1024,"height":768,"blur_score":111.31002,"manual_keyframe":false,"neighbors":[7353632621,7348767461,7356964917,7347851077,7358364481,7363596177,7365345628,7345735063,7362179954,7343902293]}