{"cx":499.28678056833496,"cy":388.2779287915464,"fx":772.4833360017049,"fy":772.4833360017049,"t_12":0.9079380035400391,"t_02":-0.2630617916584015,"t_22":-0.3262622058391571,"t_21":0.5622605085372925,"t_11":-0.0373106449842453,"t_01":-0.8261180520057678,"t_20":-0.7598789930343628,"t_10":-0.41744035482406616,"t_00":-0.4983246326446533,"t_23":-0.41049399971961975,"t_03":-0.0905570462346077,"t_13":0.008344273082911968,"timestamp":7353632621,"width":1024,"height":768,"blur_score":109.021904,"manual_keyframe":false,"neighbors":[7351666564,7356964917,7358364481,7348767461,7363596177,7362179954,7347851077,7345735063,7365345628,7343902293]}