{"cx":499.28678056833496,"cy":388.2779287915464,"fx":772.4833360017049,"fy":772.4833360017049,"t_12":0.9890279769897461,"t_02":-0.14237098395824432,"t_22":-0.03942298889160156,"t_21":0.6752232909202576,"t_11":-0.07865965366363525,"t_01":-0.7334072589874268,"t_20":-0.7365591526031494,"t_10":-0.1250453144311905,"t_00":-0.6647136807441711,"t_23":-0.30747371912002563,"t_03":-0.05554293096065521,"t_13":0.02491987682878971,"timestamp":7356964917,"width":1024,"height":768,"blur_score":112.19561,"manual_keyframe":false,"neighbors":[7358364481,7353632621,7351666564,7362179954,7343902293,7363596177,7348767461,7345735063,7347851077,7340636628]}