{"cx":499.28678056833496,"cy":388.2779287915464,"fx":772.4833360017049,"fy":772.4833360017049,"t_12":0.9576364755630493,"t_02":-0.2867615222930908,"t_22":-0.026461917906999588,"t_21":0.8327658176422119,"t_11":-0.137570321559906,"t_01":-0.536260724067688,"t_20":-0.5529927015304565,"t_10":-0.25299569964408875,"t_00":-0.7938464879989624,"t_23":-0.2909712493419647,"t_03":-0.09966529160737991,"t_13":0.017140353098511696,"timestamp":7358364481,"width":1024,"height":768,"blur_score":106.67285,"manual_keyframe":false,"neighbors":[7356964917,7353632621,7362179954,7363596177,7351666564,7365345628,7364879108,7347851077,7348767461,7343902293]}