{"cx":499.28678056833496,"cy":388.2779287915464,"fx":772.4833360017049,"fy":772.4833360017049,"t_12":0.8330342173576355,"t_02":-0.4056296646595001,"t_22":0.37618958950042725,"t_21":0.9234801530838013,"t_11":-0.3726714849472046,"t_01":0.09110654890537262,"t_20":-0.07527174055576324,"t_10":-0.40886425971984863,"t_00":-0.9094856381416321,"t_23":-0.21261084079742432,"t_03":-0.14641264081001282,"t_13":-0.03720792755484581,"timestamp":7362179954,"width":1024,"height":768,"blur_score":94.8941,"manual_keyframe":false,"neighbors":[7363596177,7364879108,7365345628,7366761850,7358364481,7367278354,7356964917,7367978133,7353632621,7351666564]}