{"cx":499.28678056833496,"cy":388.2779287915464,"fx":772.4833360017049,"fy":772.4833360017049,"t_12":0.7219428420066833,"t_02":-0.34628450870513916,"t_22":0.5990706086158752,"t_21":0.7859401702880859,"t_11":-0.44754815101623535,"t_01":0.4266130030155182,"t_20":0.15301120281219482,"t_10":-0.5277302265167236,"t_00":-0.8355168104171753,"t_23":-0.19446240365505219,"t_03":-0.11769559234380722,"t_13":-0.05380590260028839,"timestamp":7363596177,"width":1024,"height":768,"blur_score":84.30544,"manual_keyframe":false,"neighbors":[7365345628,7364879108,7362179954,7366761850,7367978133,7358364481,7367278354,7356964917,7351666564,7353632621]}