{"cx":499.28678056833496,"cy":388.2779287915464,"fx":772.4833360017049,"fy":772.4833360017049,"t_12":0.6339610815048218,"t_02":-0.3502746820449829,"t_22":0.6894932985305786,"t_21":0.7141802906990051,"t_11":-0.5145491361618042,"t_01":0.47453734278678894,"t_20":0.12060467153787613,"t_10":-0.5773496031761169,"t_00":-0.8075407147407532,"t_23":-0.16212138533592224,"t_03":-0.11675351858139038,"t_13":-0.04275207221508026,"timestamp":7364879108,"width":1024,"height":768,"blur_score":86.59493,"manual_keyframe":false,"neighbors":[7363596177,7362179954,7367978133,7365345628,7366761850,7367278354,7358364481,7356964917,7353632621,7351666564]}