{"cx":499.28678056833496,"cy":388.2779287915464,"fx":772.4833360017049,"fy":772.4833360017049,"t_12":0.5492945313453674,"t_02":-0.3453029692173004,"t_22":0.7609476447105408,"t_21":0.6400341987609863,"t_11":-0.5482581257820129,"t_01":0.5383021831512451,"t_20":0.10637129843235016,"t_10":-0.6306254863739014,"t_00":-0.7687630653381348,"t_23":-0.13604183495044708,"t_03":-0.12453831732273102,"t_13":-0.026504574343562126,"timestamp":7365345628,"width":1024,"height":768,"blur_score":85.084206,"manual_keyframe":false,"neighbors":[7363596177,7362179954,7364879108,7367978133,7366761850,7367278354,7358364481,7351666564,7353632621,7356964917]}