{"cx":499.28678056833496,"cy":388.2779287915464,"fx":772.4833360017049,"fy":772.4833360017049,"t_12":0.597615659236908,"t_02":-0.3171384632587433,"t_22":0.7363957762718201,"t_21":0.5954567790031433,"t_11":-0.349979430437088,"t_01":0.723149836063385,"t_20":0.3211737275123596,"t_10":-0.7213667035102844,"t_00":-0.613577663898468,"t_23":-0.10959633439779282,"t_03":-0.12667052447795868,"t_13":-0.014088314026594162,"timestamp":7366761850,"width":1024,"height":768,"blur_score":100.356705,"manual_keyframe":false,"neighbors":[7367978133,7363596177,7362179954,7367278354,7364879108,7365345628,7348767461,7358364481,7351666564,7347851077]}