{"cx":499.28678056833496,"cy":388.2779287915464,"fx":772.4833360017049,"fy":772.4833360017049,"t_12":0.710925817489624,"t_02":-0.2784845530986786,"t_22":0.6457793116569519,"t_21":0.5803569555282593,"t_11":-0.22003772854804993,"t_01":0.78407222032547,"t_20":0.4961400330066681,"t_10":-0.6679580211639404,"t_00":-0.5546865463256836,"t_23":-0.07204901427030563,"t_03":-0.14717774093151093,"t_13":-0.04426881670951843,"timestamp":7367978133,"width":1024,"height":768,"blur_score":98.439186,"manual_keyframe":false,"neighbors":[7367278354,7366761850,7364879108,7365345628,7363596177,7370210760,7362179954,7348767461]}