{"cx":499.28678056833496,"cy":388.2779287915464,"fx":772.4833360017049,"fy":772.4833360017049,"t_12":0.661014199256897,"t_02":-0.27462083101272583,"t_22":0.6983148455619812,"t_21":0.5671221017837524,"t_11":-0.27685311436653137,"t_01":0.7757092714309692,"t_20":0.4367251992225647,"t_10":-0.6974328756332397,"t_00":-0.5682063698768616,"t_23":-0.08889204263687134,"t_03":-0.12621437013149261,"t_13":-0.023076940327882767,"timestamp":7367278354,"width":1024,"height":768,"blur_score":108.094765,"manual_keyframe":false,"neighbors":[7367978133,7366761850,7364879108,7365345628,7362179954,7363596177,7370210760,7348767461]}