{"cx":499.28678056833496,"cy":388.2779287915464,"fx":772.4833360017049,"fy":772.4833360017049,"t_12":0.5702797174453735,"t_02":-0.14453855156898499,"t_22":0.8086344003677368,"t_21":0.19117163121700287,"t_11":-0.022360963746905327,"t_01":0.9813019037246704,"t_20":0.5563845634460449,"t_10":-0.8211461305618286,"t_00":-0.12710314989089966,"t_23":-0.016136350110173225,"t_03":-0.11360903829336166,"t_13":-0.11747968941926956,"timestamp":7370210760,"width":1024,"height":768,"blur_score":98.15937,"manual_keyframe":false,"neighbors":[7372060172,7372659981,7367978133,7373259790,7367278354]}