{"cx":499.28678056833496,"cy":388.2779287915464,"fx":772.4833360017049,"fy":772.4833360017049,"t_12":0.5828610062599182,"t_02":-0.08713085204362869,"t_22":0.8078868985176086,"t_21":0.020231008529663086,"t_11":0.1203295961022377,"t_01":0.9925278425216675,"t_20":0.5889902114868164,"t_10":-0.803613007068634,"t_00":0.08542083948850632,"t_23":0.006502902135252953,"t_03":0.0013047837419435382,"t_13":-0.12776228785514832,"timestamp":7372659981,"width":1024,"height":768,"blur_score":95.309006,"manual_keyframe":false,"neighbors":[7372060172,7373259790,7374359440,7370210760,7374709329,7328640268,7330039846]}