{"cx":499.28678056833496,"cy":388.2779287915464,"fx":772.4833360017049,"fy":772.4833360017049,"t_12":0.5546683669090271,"t_02":-0.11037418991327286,"t_22":0.8247184753417969,"t_21":0.0636986717581749,"t_11":0.10281891375780106,"t_01":0.9926584362983704,"t_20":0.5619447827339172,"t_10":-0.8256944417953491,"t_00":0.04946501553058624,"t_23":-0.013209044933319092,"t_03":-0.03112882934510708,"t_13":-0.13097897171974182,"timestamp":7372060172,"width":1024,"height":768,"blur_score":101.35956,"manual_keyframe":false,"neighbors":[7373259790,7372659981,7370210760,7374359440,7374709329,7328640268]}