{"cx":499.28678056833496,"cy":388.2779287915464,"fx":772.4833360017049,"fy":772.4833360017049,"t_12":0.6105988025665283,"t_02":-0.05412781983613968,"t_22":0.7900881767272949,"t_21":-0.05888688936829567,"t_11":0.16349540650844574,"t_01":0.9847850203514099,"t_20":0.6101582050323486,"t_10":-0.7748795747756958,"t_00":0.1651320606470108,"t_23":0.02488643117249012,"t_03":0.03394262120127678,"t_13":-0.09959166496992111,"timestamp":7373259790,"width":1024,"height":768,"blur_score":89.46993,"manual_keyframe":false,"neighbors":[7372060172,7372659981,7374359440,7374709329,7328640268,7370210760,7330039846,7324108294]}