{"cx":499.28678056833496,"cy":388.2779287915464,"fx":772.4833360017049,"fy":772.4833360017049,"t_12":0.7628852725028992,"t_02":0.15049058198928833,"t_22":0.6287754774093628,"t_21":-0.3133176267147064,"t_11":0.07143698632717133,"t_01":0.9469576478004456,"t_20":0.7116695046424866,"t_10":-0.6425750851631165,"t_00":0.283943235874176,"t_23":0.02415807545185089,"t_03":0.07106839865446091,"t_13":0.003153138794004917,"timestamp":7374709329,"width":1024,"height":768,"blur_score":92.56492,"manual_keyframe":false,"neighbors":[7375492413,7330039846,7373259790,7324108294,7377558419,7372659981,7333705405,7328640268,7374359440,7372060172]}