{"cx":499.28678056833496,"cy":388.2779287915464,"fx":772.4833360017049,"fy":772.4833360017049,"t_12":0.6821480989456177,"t_02":0.011615637689828873,"t_22":0.7311217784881592,"t_21":-0.1634579598903656,"t_11":0.1586126685142517,"t_01":0.9737163186073303,"t_20":0.6623764038085938,"t_10":-0.7138038873672485,"t_00":0.22746771574020386,"t_23":0.031871214509010315,"t_03":0.0653042122721672,"t_13":-0.02436901442706585,"timestamp":7374359440,"width":1024,"height":768,"blur_score":95.09389,"manual_keyframe":false,"neighbors":[7373259790,7372659981,7324108294,7375492413,7328640268,7372060172,7374709329,7330039846,7377558419]}