{"cx":499.28678056833496,"cy":388.2779287915464,"fx":772.4833360017049,"fy":772.4833360017049,"t_12":0.7961417436599731,"t_02":0.19169601798057556,"t_22":0.5739433169364929,"t_21":-0.3538014590740204,"t_11":0.029965493828058243,"t_01":0.9348404407501221,"t_20":0.7385212182998657,"t_10":-0.604367733001709,"t_00":0.2988746166229248,"t_23":0.012518171221017838,"t_03":0.10248329490423203,"t_13":0.0881616398692131,"timestamp":7375492413,"width":1024,"height":768,"blur_score":84.60392,"manual_keyframe":false,"neighbors":[7328640268,7377558419,7324108294,7330039846,7374709329,7374359440,7333705405,7333971991]}