{"cx":499.28678056833496,"cy":388.2779287915464,"fx":772.4833360017049,"fy":772.4833360017049,"t_12":0.8521888852119446,"t_02":0.09641718119382858,"t_22":0.5142741203308105,"t_21":-0.1078176200389862,"t_11":-0.04728860780596733,"t_01":0.9930453896522522,"t_20":0.8508216738700867,"t_10":-0.5210930109024048,"t_00":0.06756167113780975,"t_23":-0.016422433778643608,"t_03":0.0020963544957339764,"t_13":0.18442778289318085,"timestamp":7377558419,"width":1024,"height":768,"blur_score":84.24647,"manual_keyframe":false,"neighbors":[7375492413,7324108294,7374709329,7328640268,7374359440,7330039846,7333705405]}